district_name_eng_2010,block_name_eng_2010,gp_name_eng_2010,lgd_block_code,lgd_block_name
Saharanpur,Rampur Maniharan,Rampur Gramin,2080,Rampur Maniharan
Saharanpur,Devbanda,Kainduki,2073,Deoband
Saharanpur,Muzaffarabad,Jeeva Ahtam,2075,Muzaffarabad
Saharanpur,Puranka,Lakkar Pur Urf Chamri,2079,Puwarka
Saharanpur,Nagal,Dhaundhahedi,2076,Nagal
Saharanpur,Nagal,Sheetlakheda,2076,Nagal
Muzzafarnagar,Baghra,Chiroli Niwada,2007,Baghara
Muzzafarnagar,Purkaji,Khedeki,2016,Purkaji
Muzzafarnagar,Khatauli,Sonta,2013,Khatauli
Muzzafarnagar,Khatauli,Khedi Quraish,2013,Khatauli
Muzzafarnagar,Kairana,Kannukheda Badhouwa,2011,Kairana
Muzzafarnagar,Morna,Vajibad,2014,Morna
Muzzafarnagar,Jansath,Rasulpur Garhi,2010,Jansath
Muzzafarnagar,Jansath,Turehdi,2010,Jansath
Muzzafarnagar,Sadar,Kookda,2015,Muzaffarnagar
Muzzafarnagar,Sadar,Sujdu,2015,Muzaffarnagar
Muzzafarnagar,Sadar,Shahabuddin Pur,2015,Muzaffarnagar
Muzzafarnagar,Shamli,Simbhalka,2018,Shamli
Muzzafarnagar,Un,Bhaadi Mustafabad,2020,Un
Muzzafarnagar,Charthaawal,Bahedi Begumpar,2009,Charthawal
Muzzafarnagar,Kandla,Karaunda Mahajan,2012,Kandhla
Muzzafarnagar,Kandla,K h w aspur,2012,Kandhla
Muzzafarnagar,Kandla,Kamrudinagar,2012,Kandhla
Muzzafarnagar,Kandla,Fugana,2012,Kandhla
Meerut,Daurala,Jalalpur Behata,1970,Daurala
Meerut,Daurala,Mavimira Jainpur,1970,Daurala
Meerut,Rajpura,Lalasana,1978,Rajpura
Meerut,Rajpura,Chiloura,1978,Rajpura
Meerut,Kharkhauda,Sh O Lauti,1973,Kharkhoda
Meerut,Meerut,Bhoodbaral,1976,Meerut
Meerut,Meerut,Fafunda,1976,Meerut
Meerut,Hastinaapur,Badhavali,1971,Hastinapur
Meerut,Hastinaapur,Sikheda,1971,Hastinapur
Meerut,Sardhana,Jwalagadh,1980,Sardhana
Meerut,Sardhana,Kuljhan - Madarpura,1980,Sardhana
Meerut,Sarurpur Khurd,Ekdi,1981,Sarurpur Khurd
Meerut,Machhra,Lu. Bakshar,1974,Machra
Meerut,Machhra,Shola,1974,Machra
Meerut,Machhra,Dehat Kithor,1974,Machra
Meerut,Machhra,Mahalwala,1974,Machra
Meerut,Parikshitgarh,Parikshitgarh,1977,Parikshitgarh
Bagpat,Khekhada,Gona Sahwanpur,1475,Khekra
Bagpat,Khekhada,Dundaheda,1475,Khekra
Bagpat,Khekhada,Ratoul,1475,Khekra
Bagpat,Khekhada,Bada Gaw,1475,Khekra
Bagpat,Baraut,Badka Deogad,1472,Baraut
Bagpat,Baraut,Odhapur Adlabad,1472,Baraut
Bagpat,Chhaparauli,Ku di,1474,Chhaprauli
Bagpat,Binauli,Mu 0 Poies,1473,Binauli
Bagpat,Bagpat,Nangla Jafrabad,1471,Baghpat
Bagpat,Bagpat,Hamidabad,1471,Baghpat
Bagpat,Bagpat,A ० Pur Gadina,1471,Baghpat
Bagpat,Bagpat,Dhouja Nangla,1471,Baghpat
Ghaziabad,Loni,Banthla,1715,Loni
Ghaziabad,Loni,Khanpur Japti,1715,Loni
Ghaziabad,Loni,Tila Shahbazpur,1715,Loni
Ghaziabad,Loni,Khoda,1715,Loni
Ghaziabad,Dhaulana,Vazhairakalan,1712,Dhaulana
Ghaziabad,Muradnagar,Sikheda Hazari Fatehpur,1716,Muradnagar
Ghaziabad,Muradnagar,Sarna Muradnagar,1716,Muradnagar
Ghaziabad,Hapur,Goyana Jasrupanagar,1714,Hapur
Ghaziabad,Hapur,Daumiy Jarauthi,1714,Hapur
Ghaziabad,Rajapur,Didwari Urf Chitouda,1717,Rajapur
Ghaziabad,Rajapur,Mou 0 Dhbarsi,1717,Rajapur
Ghaziabad,Rajapur,Seekri Kalan,1717,Rajapur
Ghaziabad,Garhmukteshwar,Nanai Sheikhamir,1713,Garh Mukteshwar
Ghaziabad,Bhojpur,Sikrikhurd,1711,Bhojpur
Ghaziabad,Bhojpur,Pilkhuwa Dehaat,1711,Bhojpur
Ghaziabad,Bhojpur,Bishokhar,1711,Bhojpur
Ghaziabad,Bhojpur,Begamabad Budhana,1711,Bhojpur
Ghaziabad,Simbhavli,M.pur Khudliya,1718,Simbhawali
Gautam Buddha Nagar,Visarkh,Roza Yaqubpur,1707,Bisrakh
Gautam Buddha Nagar,Visarkh,Milkalaacchi,1707,Bisrakh
Gautam Buddha Nagar,Visarkh,Khedi,1707,Bisrakh
Gautam Buddha Nagar,Visarkh,Bhagela Begampur,1707,Bisrakh
Gautam Buddha Nagar,Visarkh,gejha tilpata,1707,Bisrakh
Gautam Buddha Nagar,Visarkh,Yaqubpur,1707,Bisrakh
Gautam Buddha Nagar,Visarkh,Garhi Shahdara,1707,Bisrakh
Gautam Buddha Nagar,Visarkh,Dostpur Mangerauli,1707,Bisrakh
Gautam Buddha Nagar,Visarkh,Kakarala,1707,Bisrakh
Gautam Buddha Nagar,Visarkh,Parthala Khanjarpur,1707,Bisrakh
Gautam Buddha Nagar,Visarkh,Ghaderi Chaukhandi,1707,Bisrakh
Gautam Buddha Nagar,Visarkh,Gizhaud,1707,Bisrakh
Gautam Buddha Nagar,Visarkh,Mamura,1707,Bisrakh
Gautam Buddha Nagar,Visarkh,Sharafabad,1707,Bisrakh
Gautam Buddha Nagar,Visarkh,Sorkha Jahidabad,1707,Bisrakh
Gautam Buddha Nagar,Visarkh,Surajpur,1707,Bisrakh
Gautam Buddha Nagar,Visarkh,Lakhanawali,1707,Bisrakh
Gautam Buddha Nagar,Visarkh,Gulistanpur,1707,Bisrakh
Gautam Buddha Nagar,Visarkh,ThapKheda,1707,Bisrakh
Gautam Buddha Nagar,Visarkh,Tilpata Karnwas,1707,Bisrakh
Gautam Buddha Nagar,Visarkh,Khairpur Gurjar,1707,Bisrakh
Gautam Buddha Nagar,Visarkh,Kheda Chauganpur,1707,Bisrakh
Gautam Buddha Nagar,Visarkh,Habibpur,1707,Bisrakh
Gautam Buddha Nagar,Visarkh,Haraula Makanpur,1707,Bisrakh
Gautam Buddha Nagar,Visarkh,Chhalera Bagar,1707,Bisrakh
Gautam Buddha Nagar,Visarkh,Nithari,1707,Bisrakh
Gautam Buddha Nagar,Visarkh,Morna,1707,Bisrakh
Gautam Buddha Nagar,Visarkh,Chhaparaula,1707,Bisrakh
Gautam Buddha Nagar,Visarkh,Nagla Charandas,1707,Bisrakh
Gautam Buddha Nagar,Dadri,Rasulpur Dasna,1708,Dadri
Gautam Buddha Nagar,Dadri,Patdi,1708,Dadri
Gautam Buddha Nagar,Dadri,Salarpur Kala,1708,Dadri
Gautam Buddha Nagar,Dadri,Bambavad,1708,Dadri
Gautam Buddha Nagar,Dadri,Mahavad,1708,Dadri
Gautam Buddha Nagar,Dadri,Ku di K heda,1708,Dadri
Gautam Buddha Nagar,Dadri,Aakilpoor Jaageer,1708,Dadri
Gautam Buddha Nagar,Dadri,Roopawas,1708,Dadri
Gautam Buddha Nagar,Dadri,Jan Samana,1708,Dadri
Gautam Buddha Nagar,Dadri,Visahada,1708,Dadri
Gautam Buddha Nagar,Dadri,Pyawali Tajpur,1708,Dadri
Gautam Buddha Nagar,Dadri,Jaitwarpur,1708,Dadri
Gautam Buddha Nagar,Dadri,Palla,1708,Dadri
Gautam Buddha Nagar,Dadri,Girrajpur Khadera,1708,Dadri
Gautam Buddha Nagar,Dadri,Ghodi Bachheda,1708,Dadri
Gautam Buddha Nagar,Dadri,Junpat,1708,Dadri
Gautam Buddha Nagar,Dadri,Birodi Chakra Sainpur,1708,Dadri
Gautam Buddha Nagar,Dadri,Bodaki Chamarwali,1708,Dadri
Gautam Buddha Nagar,Dadri,Rithausi,1708,Dadri
Gautam Buddha Nagar,Dadri,Rampur Fatehpur,1708,Dadri
Gautam Buddha Nagar,Dadri,Rampur Bager,1708,Dadri
Gautam Buddha Nagar,Dadri,Tatarpur Sidippur,1708,Dadri
Gautam Buddha Nagar,Dadri,Sidipur Chauna,1708,Dadri
Gautam Buddha Nagar,Jewar,Karoli Bangar,1710,Jewar
Gautam Buddha Nagar,Jewar,Siroli Bager,1710,Jewar
Gautam Buddha Nagar,Jewar,Tirathali,1710,Jewar
Gautam Buddha Nagar,Jewar,Falaida Wanger,1710,Jewar
Gautam Buddha Nagar,Jewar,Kurai,1710,Jewar
Gautam Buddha Nagar,Jewar,Thora,1710,Jewar
Gautam Buddha Nagar,Jewar,Dayora,1710,Jewar
Gautam Buddha Nagar,Jewar,Neemka,1710,Jewar
Gautam Buddha Nagar,Jewar,Khwazpur,1710,Jewar
Gautam Buddha Nagar,Jewar,Lauдона,1710,Jewar
Gautam Buddha Nagar,Jewar,Takiipur,1710,Jewar
Gautam Buddha Nagar,Jewar,Mauhammaadaabaad Khedda,1710,Jewar
Gautam Buddha Nagar,Jewar,Bhaipur Brahamnan,1710,Jewar
Gautam Buddha Nagar,Jewar,Dudheda,1710,Jewar
Gautam Buddha Nagar,Jewar,Virmpur,1710,Jewar
Gautam Buddha Nagar,Jewar,Mudrah,1710,Jewar
Gautam Buddha Nagar,Jewar,Rohi,1710,Jewar
Gautam Buddha Nagar,Jewar,Chakveerampur,1710,Jewar
Gautam Buddha Nagar,Jewar,Sabauta Mustafaabad,1710,Jewar
Gautam Buddha Nagar,Jewar,Kishorpur,1710,Jewar
Gautam Buddha Nagar,Jewar,Banwariwas,1710,Jewar
Gautam Buddha Nagar,Jewar,Ramner,1710,Jewar
Gautam Buddha Nagar,Jewar,Bhunnattga,1710,Jewar
Gautam Buddha Nagar,Jewar,Muradgarhi,1710,Jewar
Gautam Buddha Nagar,Dankaur,Bhatta,1708,Dadri
Gautam Buddha Nagar,Dankaur,Chachula,1708,Dadri
Bulandshahr,Lakhauti,Bhawsi,1609,Lakhaothi
Bulandshahr,Lakhauti,Jitaka,1609,Lakhaothi
Bulandshahr,Pahasu,Nagalia Sidhgadhi,1610,Pahasu
Bulandshahr,Pahasu,Dhorau Sidhpur,1610,Pahasu
Bulandshahr,Anupshahr,Ahmedgadh alias Tauli,1600,Anupshahr
Bulandshahr,Dibai,Vazhauda,1605,Dibai
Bulandshahr,Dibai,Vilaunaruup,1605,Dibai
Bulandshahr,Dibai,Bhairiya Haridwarpur Bangar,1605,Dibai
Bulandshahr,Khujra,I.o.wa.o. Seekra,1608,Khurja
Bulandshahr,Khujra,i ju urf Mauzpur,1608,Khurja
Bulandshahr,Khujra,Dinol,1608,Khurja
Bulandshahr,Sikandrabad,Babaiya Biswana,1612,Sikandrabad
Bulandshahr,Sikandrabad,Talibpur Urf Kanakpur,1612,Sikandrabad
Bulandshahr,Unchagaon,Mou.pur Barbala,1614,Unchagaon
Bulandshahr,Unchagaon,Kapsai Mahmoodpur,1614,Unchagaon
Bulandshahr,Unchagaon,Or Bad Taharpur,1614,Unchagaon
Bulandshahr,Jahangirabad,Shyaurampur,1607,Jahangirabad
Bulandshahr,Danpur,Indore Kheda,1604,Danpur
Bulandshahr,Bulandshahr,Neemkheda,1603,Bulandshahr
Bulandshahr,Gulawati,Rithowri Akbarpur,1606,Gulaothi
Bulandshahr,Gulawati,Devli,1606,Gulaothi
Bijnaur,Kotwali,Munauwarpur Sed,1576,Kotwali
Bijnaur,Mau Pur Devmal,Mau 0 Pur Sujan,1577,Mohammedpur Deomal
Bijnaur,Haldaur,Jeetpura,1573,Haldaur(Khari Jhalu)
Bijnaur,Syohara,Mau Alipur Inayat,1571,Budhanpur Seohara
Bijnaur,Alhaipur,Teevadi,1574,Jalilpur
Jyotiba Phule Nagar,Amroha,Ebjabad,1834,Amroha
Jyotiba Phule Nagar,Amroha,Pajoon Sarai,1834,Amroha
Jyotiba Phule Nagar,Amroha,ZE,1834,Amroha
Jyotiba Phule Nagar,Amroha,Zeerkhi,1834,Amroha
Jyotiba Phule Nagar,Gajraula,Bhagwanpur Bhoond,1836,Gajraula
Jyotiba Phule Nagar,Gangeshwari,Shahjahanpur Dhola,1837,Gangeshwari
Jyotiba Phule Nagar,Joya,Guldia,1839,Joya
Muradabad,Bilari,Rajthal Mainthra,1998,Bilari
Muradabad,Bilari,Kurh Fatehgarh,1998,Bilari
Muradabad,Bilari,Atwa Chencheri,1998,Bilari
Muradabad,Bilari,Bhagatpoor Paheleee,1998,Bilari
Muradabad,Bilari,Reeth,1998,Bilari
Muradabad,Sambhal,Milkasiri,2005,Sambhal
Muradabad,Dilari,Dhakiya piru,2000,Dilari
Muradabad,Dilari,Dharuupur Fazalpur,2000,Dilari
Muradabad,Dingarpur (Kundarki),Peetpur Naiya Kheda,2001,Kundarki
Muradabad,Dingarpur (Kundarki),Chutupura Raywangla,2001,Kundarki
Muradabad,Bahjoi,Kanaiyta,1995,Bahjoi
Muradabad,Panwasa,Sa 0 Shou 0 Khalsa,2004,Panwasa
Muradabad,Panwasa,Sa 0 Sho 0 Munzabta,2004,Panwasa
Muradabad,Mudhaa Pandey,Ronda,2003,Munda Pandey
Muradabad,Mudhaa Pandey,Lala Tikar,2003,Munda Pandey
Muradabad,Asamoli,Dulhapurkhand Alias Dar,1994,Asmauli
Muradabad,Asamoli,Pura,1994,Asmauli
Muradabad,Asamoli,Gozni Milk,1994,Asmauli
Bareilly,Bhojipura,Milk Imamganj,1544,Bhojipura
Bareilly,Bahedi,Vuzhiya,1542,Baheri
Bareilly,Damkhoda,Ghatgwan,1547,Damkhauda
Bareilly,Bhuta,Vilaua,1545,Bhuta
Bareilly,Majhgawan,Vivani,1551,Majhgawan
Bareilly,Majhgawan,Wehta Janu,1551,Majhgawan
Pilibhit,Bisalpur,radhaita,2024,Bisalpur
Pilibhit,Bisalpur,Museli,2024,Bisalpur
Pilibhit,Bilsanda,Elabas Simra,2023,Bilsanda
Pilibhit,Marauri,Naavkund,2026,Marori
Pilibhit,Purnanpur,Kaderchowra,2027,Puranpur
Shahjahnapur,Daderol,Lalpur,2100,Dadrol
Shahjahnapur,Kant,Vahlolpoor,2104,Kanth
Shahjahnapur,Jaitipur,Awa,2101,Jaitipur
Shahjahnapur,Nigonhi,Nihgohi,2109,Nigohi
Budaun,Myau,Pipala,1590,Mion
Budaun,Islamnagar,N 0 A 0 Chichhaita,1587,Islamnagar
Budaun,Ujhani,DoodhWenegar,1596,Ujhani
Budaun,Salarpur,Mo 0 Pur Vihar,1594,Salarpur
Budaun,Gunnaur,Kuهرة,1586,Gunnaur
Budaun,Gunnaur,Kariya Khera,1586,Gunnaur
Budaun,Gunnaur,Samla Gunnor,1586,Gunnaur
Budaun,Gunnaur,Jarwar Shahpur,1586,Gunnaur
Budaun,Dahagawa,Koovari kamsahaye,1584,Dahgavan
Budaun,Dataganj,Noni Tikana,1585,Dataganj
Hathras,Sasni,Loh,1923,Sasni
Hathras,Mursan,Vichpuri Mathu,1921,Mursan
Hathras,Mursan,Wamoulee,1921,Mursan
Agra,Khandoli,Paisee,1396,Khandauli
Agra,Baroli Ahir,Tora,1389,Barauli Ahir
Agra,Jagner,Devri Jalalpur,1394,Jagner
Agra,Jagner,Gangabad,1394,Jagner
Agra,Fatehabad,Lohia Ujhawali,1392,Fatehabad
Agra,Fatehabad,Eidonahimaayunpur,1392,Fatehabad
Firozabad,Jasrana,Surel No. Kachi,1702,Jasrana
Firozabad,Eka,Ikuu,1699,Eka
Firozabad,Eka,Na Babn,1699,Eka
Firozabad,Aaraon,Mahi 0 Kairavali,1698,Araon
Firozabad,Aaraon,Mu 0 Husainpur Baijua,1698,Araon
Firozabad,Madanpur,Ruriya Swarupur,1703,Madanpur
Firozabad,Hathwant,Viltigarh,1701,Hathwant
Firozabad,Hathwant,No. Kos Majrabhamai,1701,Hathwant
Firozabad,Hathwant,n 0 Jat,1701,Hathwant
Firozabad,Shikohabad,Mu Nabada,1705,Shikohabad
Firozabad,Shikohabad,No. Bazadar,1705,Shikohabad
Firozabad,Shikohabad,MU Labhouaa,1705,Shikohabad
Firozabad,Tundla,Nn 0 Punnu,1706,Tundla
Mainpuri,Mainpuri,Mainpuri Dehat,1949,Mainpuri
Mainpuri,Mainpuri,Madhau Kheeja,1949,Mainpuri
Mainpuri,Ghiror,N 0 Rama,1944,Ghiror
Mainpuri,Kurawli,Isaimanzhpati,1948,Kuraoli
Mainpuri,Kurawli,Firozpur Aathpura,1948,Kuraoli
Mainpuri,Ahir,Uncha Islamabad,1946,Karhal
Mainpuri,Sultanganj,Jaili Jirolli,1950,Sultanganj
Mainpuri,Sultanganj,N 0 Semar,1950,Sultanganj
Mainpuri,Sultanganj,N 0 Mitkar,1950,Sultanganj
Mainpuri,Barnahal,N 0 Mandhata,1942,Barnahal
Mainpuri,Barnahal,MU Labhouaa,1942,Barnahal
Mainpuri,Barnahal,G Jain,1942,Barnahal
Mainpuri,Barnahal,Naurmaayi,1942,Barnahal
Kannauj,Kannauj,Ritukaala,1844,Kannauj
Kannauj,Saurkh,Dadona,1845,Saurikh
Kannauj,Haseran,Puraaray,1842,Haseran
Itawah,Chakarnagar,Neemri,1663,Chakarnagar
Itawah,Jaswantnagar,N 0 Taur,1664,Jaswantnagar
Itawah,Jaswantnagar,Mu 0 Pu 0 Jasohan,1664,Jaswantnagar
Itawah,Bharathana,Phoolpur Karwa,1662,Bharthana
Itawah,Badh. Pura,Fufhai,1660,Barhpura
Itawah,Basrehar,Riitaulii,1661,Basrehar
Auraiya,Sahar,Aouro,1448,Sahar
Auraiya,Bhagyanagar,Vaveena,1445,Bhagyanagar
Kanpur Nagar,Sarasaul,Bowser,1865,Sarsol
Kanpur Nagar,Shivrajpur,Dilipnagar,1866,Shivrajpur
Kanpur Nagar,Chaubepur,Kewana,1860,Chaubeypur
Jalaun,Dakor,Shivdhi,1796,Dakore
Jalaun,Mahewa,Gudha khas Mu 0,1802,Maheva
Jalaun,Kuthound,Oomri Mu 0,1800,Kuthaund
Jalaun,Madhogarh,Siloova,1801,Madhogarh
Jalaun,Madhogarh,Meegni,1801,Madhogarh
Jalaun,Jalaun,Akodhee Dubey,1797,Jalaun
Lalitpur,Talbehat,Meow,1910,Talbehat
Jhanshi,Chirgaon,Chiragaanv Dehaata,1830,Chirgaon
Jhanshi,Badagaon,Khisni Khurd,1827,Badagaon
Mahoba,Panwadi,.,1941,Panwari
Hamirpur,Sumerpur,Kuchachha,1776,Sumerpur
Hamirpur,Sumerpur,Book,1776,Sumerpur
Banda,Narani,Neebee,1523,Naraini
Banda,Narani,Moody,1523,Naraini
Banda,Kamasin,Sunehla,1521,Kamasin
Banda,Bissanda,Intwa,1519,Bisanda
Chitrakoot,Mau,Neebee,1626,Mau
Chitrakoot,Mau,Viyaval,1626,Mau
Chitrakoot,Ramnagar,Suhail,1628,Ramnagar
Chitrakoot,Ramnagar,Abhet,1628,Ramnagar
Chitrakoot,Ramnagar,Le Parako,1628,Ramnagar
Chitrakoot,Ramnagar,Deineu,1628,Ramnagar
Fatehpur,Haswa,TC,1692,Haswa
Fatehpur,Devmai,Ibrahimur Tanda,1690,Devmai
Fatehpur,Dhata,Bhoola,1691,Dhata
Fatehpur,Asothar,Premmau Katra,1687,Asothar
Fatehpur,Vijayipur,Chachida,1697,Vijayipur
Fatehpur,Airayan,Sujarhi,1685,Airayan
Kaushambi,Kara,Nasirpur Faridganj,1869,Kara
Kaushambi,Kara,Chakchamarupur Daranagar,1869,Kara
Kaushambi,Kara,Sultanganj Khawajakad,1869,Kara
Kaushambi,NEWADA,Ghanshyamnagar Urf Has,1873,Nevada
Kaushambi,NEWADA,Sevada,1873,Nevada
Kaushambi,Chayal,Shaanaabi,1868,Chail
Kaushambi,Sarsawa,Eli alias Vaksipana,1874,Sarsawan
Kaushambi,Sarsawa,Paschim Shirira,1874,Sarsawan
Kaushambi,Manjhanpur,Bhelkha,1871,Manjhanpur
Kaushambi,Manjhanpur,Osa,1871,Manjhanpur
Kaushambi,Muratganj,Mittuwapur Baraislempur,1872,Mooratganj
Kaushambi,Muratganj,Mo 0 Pur Aswan,1872,Mooratganj
Kaushambi,Muratganj,Gramin Bharwari,1872,Mooratganj
Kaushambi,Muratganj,Chakmah Pandemau,1872,Mooratganj
Kaushambi,Muratganj,Berowa,1872,Mooratganj
Kaushambi,Muratganj,chlu Kaju,1872,Mooratganj
Kaushambi,Sirathu,Chamandha,1875,Sirathu
Kaushambi,Sirathu,TīkarḌīh,1875,Sirathu
Kaushambi,Sirathu,Badesar,1875,Sirathu
Kaushambi,Sirathu,Hajipurpatouna,1875,Sirathu
Kaushambi,Sirathu,Mo 0 Pur Painsa,1875,Sirathu
Kaushambi,Sirathu,Vamboopur,1875,Sirathu
Allahabad,Uruwa,Bedodi,1432,Uruwan
Allahabad,Baharia,Chak Kashiram,1414,Bahria
Allahabad,Baharia,Kumhauna,1414,Bahria
Allahabad,Koraon,Neebee,1423,Koraon
Allahabad,Jasra,Gees,1419,Jasra
Allahabad,Bahadurpur,Sherdih,1413,Bahadurpur
Allahabad,Bahadurpur,Malawa Buzurg,1413,Bahadurpur
Allahabad,Bahadurpur,Gauntawa,1413,Bahadurpur
Allahabad,Bahadurpur,Havelia,1413,Bahadurpur
Allahabad,Bahadurpur,Jhunsi Kohna,1413,Bahadurpur
Allahabad,Bahadurpur,Pure Suradas,1413,Bahadurpur
Allahabad,Saidabad,Khaptiha,1429,Saidabad
Allahabad,Saidabad,Beeda,1429,Saidabad
Allahabad,Karachna,Neebee,1420,Karchhana
Allahabad,Karachna,Maneya,1420,Karchhana
Allahabad,Mau Aima,T ० T ० Abdulpur,1425,Mauaima
Allahabad,Kaudihar,Hathigahan,1422,Kaurihar
Allahabad,Kaudihar,Uldeh,1422,Kaurihar
Allahabad,Kaudihar,Kudha,1422,Kaurihar
Allahabad,Kaudihar,Lai,1422,Kaurihar
Allahabad,Kaudihar,Raghuvanshpur Rerua,1422,Kaurihar
Allahabad,Kaudihar,Samhai,1422,Kaurihar
Allahabad,Kaudihar,Fatehpur Kayasthaan,1422,Kaurihar
Allahabad,Kaudihar,Gariyawa,1422,Kaurihar
Allahabad,Kaudihar,Mohrab,1422,Kaurihar
Allahabad,Kaudihar,Nasir Pur Dargahi,1422,Kaurihar
Allahabad,Kaudihar,Piperaudh,1422,Kaurihar
Allahabad,Kaudihar,Khanderoli,1422,Kaurihar
Allahabad,Kaudihar,Mansurabad,1422,Kaurihar
Allahabad,Kaudihar,Ibrahimppur,1422,Kaurihar
Allahabad,Kaudihar,Munauwarpur,1422,Kaurihar
Allahabad,Kaudihar,Malakwalau,1422,Kaurihar
Allahabad,Kaudihar,Mo 0 Pur Hathiganj,1422,Kaurihar
Allahabad,Kaudihar,Malakharhar,1422,Kaurihar
Allahabad,Kaudihar,Kadipur Ta O Bisoun,1422,Kaurihar
Allahabad,Kaudihar,Kuswan,1422,Kaurihar
Allahabad,Kaudihar,Katuhula Gausa pur,1422,Kaurihar
Allahabad,Kaudihar,Govindpur Tewara,1422,Kaurihar
Allahabad,Kaudihar,Chandrabhanpur,1422,Kaurihar
Allahabad,Kaudihar,Chillamjuffta,1422,Kaurihar
Allahabad,Kaudihar,Janaka,1422,Kaurihar
Allahabad,Kaudihar,Jhalwa,1422,Kaurihar
Allahabad,Kaudihar,Bamhrouli,1422,Kaurihar
Allahabad,Kaudihar,Bhairetha,1422,Kaurihar
Allahabad,Kaudihar,Bhikhpur Medwara,1422,Kaurihar
Allahabad,Kaudihar,Bhiti Ta 0 Asadullapur,1422,Kaurihar
Allahabad,Kaudihar,Mohiuddinpur Barethi,1422,Kaurihar
Allahabad,Kaudihar,Rahimabad,1422,Kaurihar
Allahabad,Kaudihar,Hatwa,1422,Kaurihar
Allahabad,Kaudihar,Ujaini Gopalpur,1422,Kaurihar
Allahabad,Kaudihar,Asrawe Khurd,1422,Kaurihar
Allahabad,Kaudihar,Asrawe Kalan,1422,Kaurihar
Allahabad,Kaudihar,Ujihini Aima,1422,Kaurihar
Allahabad,Sorav,Malak Chaturi,1431,Soraon
Allahabad,Sorav,Malak Choudhary,1431,Soraon
Allahabad,Sorav,Gohri,1431,Soraon
Allahabad,Manda,Very,1424,Manda
Allahabad,Manda,Pipiri,1424,Manda
Allahabad,Manda,Vamanihethar,1424,Manda
Allahabad,Phoolpur,Chakafaradh,1427,Phulpur
Allahabad,Phoolpur,Aмилия,1427,Phulpur
Allahabad,Phoolpur,Reni,1427,Phulpur
Allahabad,Phoolpur,Saraysheshpeer,1427,Phulpur
Allahabad,Phoolpur,Balkaranpoor,1427,Phulpur
Allahabad,Phoolpur,Jagdevpur Barethi,1427,Phulpur
Allahabad,Phoolpur,Umrimay Tatehra,1427,Phulpur
Allahabad,Phoolpur,Chilonda,1427,Phulpur
Allahabad,Phoolpur,Baroh,1427,Phulpur
Allahabad,Phoolpur,Parwezawad,1427,Phulpur
Allahabad,Shankaragarh,Neebee,1430,Shankargarh
Allahabad,Chaka,Dabhawan,1415,Chaka
Allahabad,Chaka,Danddii,1415,Chaka
Allahabad,Chaka,Mohabbatganj,1415,Chaka
Allahabad,Chaka,Tignauta,1415,Chaka
Allahabad,Chaka,Mahewa Pashchim Patti,1415,Chaka
Allahabad,Chaka,Dhanuha,1415,Chaka
Allahabad,Chaka,Wasawar,1415,Chaka
Allahabad,Chaka,Chakgareeb das,1415,Chaka
Allahabad,Chaka,Mardauka,1415,Chaka
Allahabad,Chaka,Aмилия,1415,Chaka
Allahabad,Chaka,Devari,1415,Chaka
Allahabad,Chaka,Nivi Ta 0 Khurd,1415,Chaka
Allahabad,Chaka,Masika,1415,Chaka
Allahabad,Chaka,Lawayan Khurd,1415,Chaka
Allahabad,Chaka,Newada Samogar,1415,Chaka
Allahabad,Chaka,Lawayan Kalan,1415,Chaka
Allahabad,Chaka,Sarwa Kala,1415,Chaka
Allahabad,Chaka,Tenduawan,1415,Chaka
Allahabad,Chaka,Mahuari,1415,Chaka
Allahabad,Chaka,Naini Ta O Naini  Dadri,1415,Chaka
Allahabad,Chaka,Dadri Ta O Naini Dadri,1415,Chaka
Allahabad,Chaka,Devarakh,1415,Chaka
Allahabad,Holagarh,Jagdishpur Masani,1418,Holagarh
Allahabad,Holagarh,S 0 Ta 0 Shahapur,1418,Holagarh
Allahabad,Holagarh,Seranwa,1418,Holagarh
Allahabad,Holagarh,Beraava,1418,Holagarh
Pratapgarh,Mandhaata,Chatouna,2038,Mandhata
Pratapgarh,Mandhaata,Lilauli,2038,Mandhata
Pratapgarh,Sadar,Purai-ishwarnath,2040,Pratapgarh (Sadar)
Pratapgarh,Sadar,Taaooṅgaa,2040,Pratapgarh (Sadar)
Pratapgarh,Sadar,Sipahmaheri,2040,Pratapgarh (Sadar)
Pratapgarh,Sadar,Purnapurptakhan,2040,Pratapgarh (Sadar)
Pratapgarh,Sadar,Ranjitpur Chilbi,2040,Pratapgarh (Sadar)
Pratapgarh,Kalakankar,Badgo,2033,Kalakankar
Pratapgarh,Sandwaa Chandrika,Kota Nevdia,2042,Sandwa Chandrika
Pratapgarh,Sandwaa Chandrika,Shukulpur,2042,Sandwa Chandrika
Pratapgarh,Sandwaa Chandrika,Antu Dehat,2042,Sandwa Chandrika
Pratapgarh,Lalganj,Khanapatti,2036,Lalganj
Pratapgarh,Lalganj,Salem Bhadari,2036,Lalganj
Pratapgarh,Lalganj,Gaukhadi,2036,Lalganj
Pratapgarh,Lalganj,Khalsa Sadat,2036,Lalganj
Pratapgarh,Bihar,Sabalgarh,2031,Bihar
Pratapgarh,Bihar,Shekhpur chauraas,2031,Bihar
Pratapgarh,Bihar,Vikra,2031,Bihar
Pratapgarh,Gaura,Vors,2032,Gaura
Pratapgarh,Gaura,Naodera,2032,Gaura
Pratapgarh,Gaura,Suwansa,2032,Gaura
Pratapgarh,Gaura,Rohkhurdkala,2032,Gaura
Pratapgarh,Patti,Kukuwah,2039,Patti
Pratapgarh,Shivgarh,Pure Golia,2044,Shivgarh
Pratapgarh,Shivgarh,Paremhanth,2044,Shivgarh
Rae bareli,Maharajganj,Oi,2056,Mahrajganj
Rae bareli,Rahi,M. 0 Pur Kuchariya,2057,Rahi
Rae bareli,Shivgarh,Saraychhatradhari,2062,Shivgarh
Rae bareli,Shivgarh,Dhekwa,2062,Shivgarh
Rae bareli,Shivgarh,Shivli,2062,Shivgarh
Rae bareli,Shivgarh,Shivgarh,2062,Shivgarh
Rae bareli,Dalmau,Heengmau,2049,Dalmau
Unnao,Bangarmau,Kurasath Grameen,2184,Bangarmau
Unnao,Sikandarpur Karan,Lohacha,2195,Sikandarpur Karan
Unnao,Sikandarpur Karan,Achhalganj,2195,Sikandarpur Karan
Unnao,Bighapur,Ruzhei,2186,Bighapur
Unnao,Bighapur,Kilaw,2186,Bighapur
Unnao,Bighapur,Way Gulabkheda,2186,Bighapur
Unnao,Fatehpur Chaurasi,Susumau,2187,Fatehpur Chaurasi
Unnao,Fatehpur Chaurasi,Jajmau Gai 0 A 0,2187,Fatehpur Chaurasi
Hardoi,Bilgraam,Hathoda,1782,Bilgram
Hardoi,Shahabaad,Shahabad DehAt,1792,Shahabad
Hardoi,Madhauganj,Bheechmaoo,1787,Madhoganj
Hardoi,Mallawan,Gosawa Nevada,1788,Mallawan
Hardoi,Surusa,Tikri,1793,Sursa
Lucknow,Chinhat,Kamalpur Purbagan,1912,Chinhat
Lucknow,Chinhat,Laxmipur Bhauli,1912,Chinhat
Lucknow,Chinhat,Narharpur,1912,Chinhat
Lucknow,Chinhat,Allunagar Diguria,1912,Chinhat
Lucknow,Chinhat,Muttkipur,1912,Chinhat
Lucknow,Chinhat,Bhithauli Khurd,1912,Chinhat
Lucknow,Chinhat,Naubstakala,1912,Chinhat
Lucknow,Chinhat,Ganesupur Rahmanpur,1912,Chinhat
Lucknow,Chinhat,Utar Dhauna,1912,Chinhat
Lucknow,Chinhat,Semra,1912,Chinhat
Lucknow,Chinhat,Sarai Sheikh,1912,Chinhat
Lucknow,Chinhat,Laulai,1912,Chinhat
Lucknow,Chinhat,Nizampur Malhor,1912,Chinhat
Lucknow,Chinhat,Makhdumpur,1912,Chinhat
Lucknow,Chinhat,chandiyamoo,1912,Chinhat
Lucknow,Mohanlalganj,Nabinagar ( Nagar ),1917,Mohanlalganj
Lucknow,Mohanlalganj,Hariharpur Patsa,1917,Mohanlalganj
Lucknow,Mohanlalganj,BhatpuraRatanPur,1917,Mohanlalganj
Lucknow,Sarojninagar,Khandedev,1918,Sarojaninagar
Lucknow,Sarojninagar,Mirankpur Pinwat,1918,Sarojaninagar
Lucknow,Sarojninagar,Kishunpur Kauriyan,1918,Sarojaninagar
Lucknow,Sarojninagar,Ghuswal Kala,1918,Sarojaninagar
Lucknow,Sarojninagar,Mu Nagar Ghuswal,1918,Sarojaninagar
Lucknow,Kakori,Jehta,1914,Kakori
Lucknow,Kakori,Narouna,1914,Kakori
Lucknow,Kakori,Salempur Patora,1914,Kakori
Sitapur,Sidhauli,Nawaagaav,2150,Sidhauli
Sitapur,Reusaa,Badhaidih,2148,Reusa
Sitapur,Reusaa,Puraini Vohra,2148,Reusa
Sitapur,Sakran,Velvavaasaihiya,2149,Sakran
Sitapur,Behata,Dyodhedih,2133,Behta
Sitapur,Ailiya,Koreyaudaypur,2132,Ailiya
Sitapur,Biswan,Tyaula,2134,Biswan
Sitapur,Biswan,Kyanti Badullah,2134,Biswan
Sitapur,Mahmudabad,Pahadapur Pratham,2141,Mahmudabad
Sitapur,Mahmudabad,Lailkala,2141,Mahmudabad
Sitapur,Parsendi,Taalgaav,2145,Parsendi
Sitapur,Maholi,Aмилия,2142,Maholi
Lakhimpur Khiri,Mohammadi,Veda,1884,Mohammadi
Lakhimpur Khiri,Mohammadi,Woua,1884,Mohammadi
Lakhimpur Khiri,Pasgawan,Cholaбари,1888,Pasgawan
Lakhimpur Khiri,Pasgawan,Sikтара,1888,Pasgawan
Lakhimpur Khiri,Palia,Miliyaniya,1887,Palia
Lakhimpur Khiri,Nighasan,Mo Beharr,1886,Nighasan
Lakhimpur Khiri,Ramiyabehar,Bhuda Moodi,1890,Ramia Behar
Lakhimpur Khiri,Ramiyabehar,Gu 0 ta 0 Amethi,1890,Ramia Behar
Bahraich,Kaiserganj,Ainihetensy,1481,Kaisarganj
Bahraich,Kaiserganj,Rookanpur Kala,1481,Kaisarganj
Bahraich,Kaiserganj,Dihwa Sher Bahadur Singh,1481,Kaisarganj
Bahraich,Fakhrpur,Silouta,1485,Phakharpur
Bahraich,Mahsi,Munsari,1482,Mahasi
Bahraich,Nawabganj,Pachpakri,1484,Nawabganj
Bahraich,Prayagpur,Sachauili,1486,Prayagpur
Bahraich,Prayagpur,Imliliaganj,1486,Prayagpur
Shravasti,Hariharpur Rani,Tadwa Vanakatwa,2115,Hariharpur Rani
Shravasti,Jamunha,Aalagaanv,2116,Jamunaha
Balrampur,Gainsadi,Laxminagar Nishchaldih,1510,Gaisri
Balrampur,Pachpedwa,Sisahaniya Bargadi,1512,Pachpedwa
Balrampur,Gaidas Buzurg,Mohammadpur Vazraha,1509,Gaindas Bujurg
Balrampur,Gaidas Buzurg,Elara,1509,Gaindas Bujurg
Balrampur,Shridattganj,Baybhit,1514,Shriduttganj
Balrampur,Tulsipur,Dewipatan,1515,Tulsipur
Gonda,Belasar,Mujeed,1736,Belsar
Gonda,Belasar,Barsara,1736,Belsar
Gonda,Belasar,Parsada,1736,Belsar
Gonda,Belasar,Devarada,1736,Belsar
Gonda,Pandri Kripal,ViyasiaChain,1746,Pandri Kripal
Gonda,Jhanjhari,Iмилия Mishra,1741,Jhanjhari
Gonda,Mujehana,Khirbhari,1744,Mujehana
Gonda,Mujehana,Madhavganj,1744,Mujehana
Gonda,Tarabganj,Tuphdiya,1749,Tarabganj
Barabanki,Nindur,Gorecha,1533,Nindaura
Barabanki,Nindur,Behnta Kazi,1533,Nindaura
Barabanki,Banki,Obri,1526,Banki
Barabanki,Banki,Jinholi,1526,Banki
Barabanki,Banki,Peisar Dehat,1526,Banki
Barabanki,Banki,Badel,1526,Banki
Barabanki,Banki,Baki Dehat,1526,Banki
Barabanki,Banki,Fazullaganj,1526,Banki
Barabanki,Banikoder,Banikoder,1525,Bani Kodar
Barabanki,Haidarganj,Muhiuddin Sarai,1530,Haidargarh
Barabanki,Haidarganj,Mo Pur,1530,Haidargarh
Barabanki,Haidarganj,Rowli,1530,Haidargarh
Sultanpur,Bhaiyya,Kalyanpatti,2162,Bhadaiya
Sultanpur,Bhaiyya,Jamuawa Pashchim,2162,Bhadaiya
Sultanpur,Dhanpat Ganj,Itawavulhanapur,2165,Dhanpatganj
Sultanpur,Doobepur,Firozpurkalo,2167,Dubepur
Sultanpur,Jaisinghpur,Saraia Pratham,2170,Jaisinghpur
Sultanpur,Kudebhar,Chunakana Ashrafpur,2173,Kurebhar
Sultanpur,Lambhua,Lambhua,2175,Lambhua
Sultanpur,Lambhua,Belonapurba,2175,Lambhua
Ambedkar Nagar,Jalalpur,Miswachitouna,1438,Jalal Pur
Ambedkar Nagar,Bhiti,Heedipadhia,1435,Bhiti
Ambedkar Nagar,Jahangirganj,Hichnakinkhupur,1437,Jahangir Ganj
Ambedkar Nagar,Jahangirganj,Mangaljotti Koraiya,1437,Jahangir Ganj
Ambedkar Nagar,Jahangirganj,Sirasiyaatihayatpur,1437,Jahangir Ganj
Ambedkar Nagar,Jahangirganj,Bijlipandauli,1437,Jahangir Ganj
Ambedkar Nagar,Jahangirganj,Tarolabaansgao,1437,Jahangir Ganj
Ambedkar Nagar,Jahangirganj,Nawaagaav,1437,Jahangir Ganj
Faizabad,Masaudha,Kalyan Bhadra,1671,Masodha
Faizabad,Masaudha,Ganj,1671,Masodha
Faizabad,Masaudha,Janaora,1671,Masodha
Faizabad,Masaudha,Dabhasemar,1671,Masodha
Faizabad,Masaudha,Nandigram,1671,Masodha
Faizabad,Masaudha,Pipiri,1671,Masodha
Faizabad,Masaudha,Bhadarsa Bahar,1671,Masodha
Faizabad,Sohawal,Khirwani,1676,Sohawal
Faizabad,Sohawal,Salhepur Nimecha,1676,Sohawal
Faizabad,Sohawal,cell Kola,1676,Sohawal
Faizabad,Amaniganj,Ichoi,1668,Amaniganj
Faizabad,Amaniganj,Bawan,1668,Amaniganj
Faizabad,Amaniganj,Pichla,1668,Amaniganj
Faizabad,Amaniganj,Owa,1668,Amaniganj
Basti,Saugahat,Parsaalaalshaah,1568,Sau Ghat
Basti,Saugahat,Lakhanaura,1568,Sau Ghat
Basti,Ramnagar,Jagdishpur Uraf Naugadh,1565,Ramnagar
Basti,Bikramjot,Sherwadih,1569,Vikram Jot
Basti,Bikramjot,Pipari Sangram,1569,Vikram Jot
Basti,Raudhauli,Mooradiha urf Bhopal,1566,Rudauli
Basti,Kaptaiganj,Ratas Urf Kaptaanganj,1562,Kaptanganj
Basti,Kaptaiganj,Naktidei Buzurg,1562,Kaptanganj
Basti,Kaptaiganj,Kodikol,1562,Kaptanganj
Basti,Kaptaiganj,Ratasi,1562,Kaptanganj
Basti,Bankati,Mundeva,1557,Bankati
Basti,Bankati,Vodaval,1557,Bankati
Basti,Bankati,Khadauha Urf Chhavilaha,1557,Bankati
Basti,Bankati,Deesand,1557,Bankati
Basti,Bankati,Sasanakhanta,1557,Bankati
Basti,Bankati,Mohnaidore,1557,Bankati
Basti,Gour,Rewtakhadagbahadurshahi,1560,Gaur
Basti,Gour,Ek Tekva,1560,Gaur
Basti,Parsrampur,Neuri Rambox,1564,Paras Rampur
Basti,Parsrampur,MajgawAn MAfi,1564,Paras Rampur
Basti,Basti,Murrdhaghat,1558,Basti
Basti,Basti,Tema,1558,Basti
Basti,Kudrah,Tenuya,1563,Kudaraha
Basti,Kudrah,Vaidaree Ehtamalee,1563,Kudaraha
Basti,Kudrah,Karja Ajmatpur,1563,Kudaraha
Basti,Dubaulia,Joghata,1559,Dubauliya
Basti,Dubaulia,Gulauri Buzurg,1559,Dubauliya
Siddharth Nagar,Bansi,Fulpur,2118,Bansi
Siddharth Nagar,Mithwal,Jeeva,2128,Mithwal
Siddharth Nagar,Dumriaganj,Lalajot,2122,Domariyaganj
Siddharth Nagar,Dumriaganj,Rewah,2122,Domariyaganj
Siddharth Nagar,Dumriaganj,Vevahusen,2122,Domariyaganj
Siddharth Nagar,Dumriaganj,Sehrikhas,2122,Domariyaganj
Siddharth Nagar,Dumriaganj,Sekhuitaj,2122,Domariyaganj
Siddharth Nagar,Dumriaganj,Sekhui,2122,Domariyaganj
Siddharth Nagar,Wardpur No 09,Parsa,NA,NA
Siddharth Nagar,Wardpur No 10,Gaighat,NA,NA
Siddharth Nagar,Wardpur No 11,Agaya Khurd,NA,NA
Siddharth Nagar,Vardpur No. 12,Bajhaan,NA,NA
Siddharth Nagar,Wardpur No 13,Jamhuwa,NA,NA
Siddharth Nagar,Wardpur No 14,Bhagwanpur,NA,NA
Siddharth Nagar,Wardpur No 15,Mahdewa Kurmi,NA,NA
Siddharth Nagar,Wardpur No 16,Wardpur,NA,NA
Siddharth Nagar,Vardpur No. 17,Wardpur,NA,NA
Siddharth Nagar,Vardpur No. 18,Wardpur,NA,NA
Siddharth Nagar,Vardpur No. 19,Piprason,NA,NA
Siddharth Nagar,Wardpur No 20,Bharwaliya,NA,NA
Siddharth Nagar,Vardpur No. 21,Pakdi Urf Mudila,NA,NA
Siddharth Nagar,Vardpur No. 22,Booda,NA,NA
Siddharth Nagar,Wardpur No 23,Jhangti,NA,NA
Siddharth Nagar,Wardpur No 24,Khairati,NA,NA
Siddharth Nagar,Wardpur No 25,Semri,NA,NA
Siddharth Nagar,Vardpur No. 26,Baghi,NA,NA
Siddharth Nagar,Vardpur No. 27,Dulha Darmiani,NA,NA
Siddharth Nagar,Vardpur No. 28,Dulha Janubi,NA,NA
Siddharth Nagar,Wardpur No 29,Dulhasumali,NA,NA
Siddharth Nagar,Vardpur No. 30,Wardpur,NA,NA
Siddharth Nagar,Vardpur No. 31,Wardpur,NA,NA
Siddharth Nagar,Wardpur No 32,Wardpur,NA,NA
Siddharth Nagar,Wardpur No 33,Dulhakhurd,NA,NA
Siddharth Nagar,Vardpur No. 34,Wardpur,NA,NA
Siddharth Nagar,Wardpur No 35,Wardpur,NA,NA
Siddharth Nagar,Vardpur No. 36,Bargadi,NA,NA
Siddharth Nagar,Vardpur No. 37,Wardpur,NA,NA
Siddharth Nagar,Vardpur No. 38,Bargdi,NA,NA
Siddharth Nagar,Vardpur No. 39,Chakaijot,NA,NA
Siddharth Nagar,Wardpur No 40,Wardpur,NA,NA
Siddharth Nagar,Vardpur No. 41,Wardpur,NA,NA
Siddharth Nagar,Vardpur No. 42,Wardpur,NA,NA
Siddharth Nagar,Wardpur No 43,Wardpur,NA,NA
Siddharth Nagar,Naugadh,Bhim Par,2129,Naugarh
Siddharth Nagar,Naugadh,Sadi,2129,Naugarh
Siddharth Nagar,Naugadh,Pipra Pandey,2129,Naugarh
Siddharth Nagar,Itwa,Vairia Khalsa,2123,Itwa
Siddharth Nagar,Itwa,Vishnupur Saini,2123,Itwa
Siddharth Nagar,Itwa,Hirkhas,2123,Itwa
Siddharth Nagar,Khuniyav,Duwailtiwari,2126,Khuniyaon
Siddharth Nagar,Khuniyav,Dufedeeya,2126,Khuniyaon
Siddharth Nagar,Shohratgarh,Nividohni,2130,Shoharatgarh
Siddharth Nagar,Shohratgarh,Neevimacdor,2130,Shoharatgarh
Sant Kabeer Nagar,Baghauli,Medra Par,2083,Baghauli
Sant Kabeer Nagar,Hesarbazar,Malaoili,2085,Hainsar Bazar
Sant Kabeer Nagar,Hesarbazar,Mithna- sithna,2085,Hainsar Bazar
Sant Kabeer Nagar,Hesarbazar,Thaakuradadi,2085,Hainsar Bazar
Sant Kabeer Nagar,Hesarbazar,Parsakala,2085,Hainsar Bazar
Sant Kabeer Nagar,Khalilabad,Mishrauliya,2086,Khalilabad
Sant Kabeer Nagar,Khalilabad,Bhorohiya,2086,Khalilabad
Sant Kabeer Nagar,Mehdawal,Visoua,2087,Mehdawal
Sant Kabeer Nagar,Mehdawal,Kanti,2087,Mehdawal
Sant Kabeer Nagar,Mehdawal,Sier,2087,Mehdawal
Sant Kabeer Nagar,Mehdawal,Gagnai Raaw,2087,Mehdawal
Sant Kabeer Nagar,Mehdawal,Khakhniya,2087,Mehdawal
Sant Kabeer Nagar,Sautha,Sewaijepar,2090,Santha
Sant Kabeer Nagar,Sautha,Sikri,2090,Santha
Sant Kabeer Nagar,Belhar Kala,Belhar Khurd,2084,Belhar Kala
Gorakhpur,Uruvaon,Bankat,1769,Uruwa
Gorakhpur,Uruvaon,Ahiroli Bu. 0,1769,Uruwa
Gorakhpur,Uruvaon,Imli Deeh,1769,Uruwa
Gorakhpur,Brahmpur,Kaithwaliya,1755,Brahmpur
Gorakhpur,Brahmpur,Grameen Panchayat Itaowa,1755,Brahmpur
Gorakhpur,J. O. Kauriya,Budheli,1760,Jangal Kaudia
Gorakhpur,J. O. Kauriya,Vistaooli,1760,Jangal Kaudia
Gorakhpur,J. O. Kauriya,Bhorohiya,1760,Jangal Kaudia
Gorakhpur,J. O. Kauriya,Niba,1760,Jangal Kaudia
Gorakhpur,J. O. Kauriya,Nūruddīn Cak,1760,Jangal Kaudia
Gorakhpur,J. O. Kauriya,Hadkhore,1760,Jangal Kaudia
Gorakhpur,J. O. Kauriya,Waan,1760,Jangal Kaudia
Gorakhpur,J. O. Kauriya,Chauk Mafi,1760,Jangal Kaudia
Gorakhpur,J. O. Kauriya,Rannadih,1760,Jangal Kaudia
Gorakhpur,J. O. Kauriya,Waarahapaatii,1760,Jangal Kaudia
Gorakhpur,J. O. Kauriya,Gosaiur alias Jinda,1760,Jangal Kaudia
Gorakhpur,Pipraich,Rihiya,1765,Pipraich
Gorakhpur,Pipraich,MudeRi Garhwa,1765,Pipraich
Gorakhpur,Pipraich,Iмилия Urf Vijhara,1765,Pipraich
Gorakhpur,Gagaha,GaDDhee,1758,Gagaha
Gorakhpur,Gagaha,Bhiti Sammay Than,1758,Gagaha
Gorakhpur,Campier,Vazhi,1756,Campierganj
Gorakhpur,Campier,J 0 Vihli,1756,Campierganj
Gorakhpur,Campier,J 0 Aghai,1756,Campierganj
Gorakhpur,Campier,J 0 Jhajhwa,1756,Campierganj
Gorakhpur,Campier,Vaghi Bhaari,1756,Campierganj
Gorakhpur,Chargaawon,Murila Urf Mudera,1757,Chargawan
Gorakhpur,Chargaawon,Karamaha,1757,Chargawan
Gorakhpur,Chargaawon,Nūruddīn Cak,1757,Chargawan
Gorakhpur,Gola,NeebeeDoobe,1759,Gola
Gorakhpur,Gola,Visra,1759,Gola
Gorakhpur,Gola,Ghora Lotan,1759,Gola
Gorakhpur,Barhalganj,Weily,1752,Barhalganj
Gorakhpur,Khorabaar,Jn Kewtaliya,1763,Khorabar
Gorakhpur,Khorabaar,Jan 0 Gauri Nan  Alias,1763,Khorabar
Gorakhpur,Khorabaar,Sahukoil alias Mirza,1763,Khorabar
Gorakhpur,Khorabaar,Badgo,1763,Khorabar
Gorakhpur,Khorabaar,Gayghat Bujurg,1763,Khorabar
Gorakhpur,Khorabaar,Bharwaliya Bujurg,1763,Khorabar
Gorakhpur,Sardarnagar,Balkhurd,1768,Sardarnagar
Gorakhpur,Khajni,tuft Auji,1762,Khajni
Gorakhpur,Kauriram,Sier Bu,1761,Kauri Ram
Gorakhpur,Kauriram,Rudain alias Mazhrava,1761,Kauri Ram
Maharajganj,Paniyara,Tenduyahiya,1934,Paniyara
Maharajganj,Maharajganj Sadar,Chauperia,1930,Mahrajganj
Maharajganj,Maharajganj Sadar,Salamatgarh / Jagpur,1930,Mahrajganj
Maharajganj,Mithoura,Sihulii Parsaa,1931,Mithaura
Maharajganj,Mithoura,Chowk,1931,Mithaura
Maharajganj,Siswa Bazar,Beejapar,1937,Siswa
Maharajganj,Nautanwa,Kunserva,1932,Nautanwa
Maharajganj,Nautanwa,Jugoli,1932,Nautanwa
Maharajganj,Nautanwa,Sheeshgadh,1932,Nautanwa
Maharajganj,Ferenda,Ferendakhurd,1936,Pharenda
Maharajganj,Ferenda,Lejar Mahdeva,1936,Pharenda
Maharajganj,Dhani,Ghivpeed,1927,Dhani
Kushinagar,Padrauna,Jn  Vishunpura,1899,Padrauna
Kushinagar,Padrauna,Jn 0 Kuramol,1899,Padrauna
Kushinagar,Padrauna,Jan 0 Wakulha,1899,Padrauna
Kushinagar,Padrauna,Lamua Kevalchapara,1899,Padrauna
Kushinagar,Sewarhi,Sewarhi,1901,Seorahi
Kushinagar,Kasaya,Sapaha,1895,Kasaya
Kushinagar,Kasaya,Narkatia Bujurg,1895,Kasaya
Kushinagar,Kasaya,Ekadera,1895,Kasaya
Kushinagar,Kasaya,Parsauni khurd,1895,Kasaya
Kushinagar,Kasaya,DIGHWA BUJURG,1895,Kasaya
Kushinagar,Kasaya,Parsoni Mukandha,1895,Kasaya
Kushinagar,Kasaya,Mathouli,1895,Kasaya
Kushinagar,Kasaya,Bhaluhima Dari Patti,1895,Kasaya
Kushinagar,Kasaya,Semradhusi,1895,Kasaya
Kushinagar,Kasaya,Belwa Ramjas,1895,Kasaya
Kushinagar,Kasaya,Velva Durgarray,1895,Kasaya
Kushinagar,Kasaya,Khorabar,1895,Kasaya
Kushinagar,Kasaya,Narkatia Khurd,1895,Kasaya
Kushinagar,Kasaya,Kuramauta,1895,Kasaya
Kushinagar,Kasaya,Digwa Khurd,1895,Kasaya
Kushinagar,Kasaya,Siswaan,1895,Kasaya
Kushinagar,Kasaya,Velwa Palakadhari,1895,Kasaya
Kushinagar,Kasaya,Tetariya,1895,Kasaya
Kushinagar,Kasaya,Sabiya,1895,Kasaya
Kushinagar,Kasaya,Gopalmad,1895,Kasaya
Kushinagar,Kasaya,Barwa Jungle,1895,Kasaya
Kushinagar,Kasaya,Karmauni Premvalia,1895,Kasaya
Kushinagar,Kasaya,Dhanhan aka Malludih,1895,Kasaya
Kushinagar,Kasaya,Mudera Ratan Patti,1895,Kasaya
Kushinagar,Kasaya,Khedni,1895,Kasaya
Kushinagar,Hata,Deoria Dehat,1893,Hata
Kushinagar,Hata,Radhia Deoria,1893,Hata
Kushinagar,Hata,Muzhanna Rahim,1893,Hata
Kushinagar,Hata,Sahabazpur,1893,Hata
Kushinagar,Hata,Baghnath,1893,Hata
Kushinagar,Hata,Gopalpur,1893,Hata
Kushinagar,Hata,Mahuwawa Masjidia,1893,Hata
Kushinagar,Hata,Ḍhāḍhā Bujurg,1893,Hata
Kushinagar,Hata,Dhaadha Khurd,1893,Hata
Kushinagar,Moti Chak,Mu 0 J 0 Sikatiya,1897,Motichak
Kushinagar,Ramkola,Vaairiya,1900,Ramkola
Kushinagar,Ramkola,Motipakad,1900,Ramkola
Kushinagar,Ramkola,Dhanaujikhas,1900,Ramkola
Kushinagar,Ramkola,Urdha,1900,Ramkola
Kushinagar,Vishunpura,Maadhokothitvaa,1904,Vishunpura
Kushinagar,Vishunpura,Dumri Sahodar Patti,1904,Vishunpura
Kushinagar,Vishunpura,Goitibu O,1904,Vishunpura
Kushinagar,Vishunpura,Piparabhu O,1904,Vishunpura
Kushinagar,Vishunpura,M 0 Pr 0 Tiwari,1904,Vishunpura
Kushinagar,Sukaroli,Sukaroli,1902,Sukrauli
Kushinagar,Sukaroli,Devtahan,1902,Sukrauli
Kushinagar,Sukaroli,Semri Maheshpur,1902,Sukrauli
Kushinagar,Sukaroli,Karamhan Agrasen,1902,Sukrauli
Kushinagar,Sukaroli,Motipakkad Shrikant,1902,Sukrauli
Kushinagar,Sukaroli,MotiPakad Kabilsaha,1902,Sukrauli
Kushinagar,Fazilnagar,Fazilnagar,1892,Fazilnagar
Kushinagar,Fazilnagar,Satthianv,1892,Fazilnagar
Kushinagar,Fazilnagar,Piprarajab,1892,Fazilnagar
Kushinagar,Fazilnagar,Duboli Basdila,1892,Fazilnagar
Kushinagar,Tamkuhiraj,Labniyan,1903,Tamkuhiraj
Mau,Baragaon,Kailvar,1961,Badraon
Mau,Baragaon,Hemai Pipiri,1961,Badraon
Mau,Baragaon,Mu 0 Sipah,1961,Badraon
Mau,Dohrighat,Kasaila,1962,Dohri Ghat
Mau,Ranipur,Badagaon,1968,Ranipur
Mau,Kopaganj,Rewarideeh,1965,Kopaganj
Mau,Kopaganj,Kopaganj Dehat,1965,Kopaganj
Mau,Kopaganj,Hikmagaadha,1965,Kopaganj
Mau,Kopaganj,Kurthijafarpur,1965,Kopaganj
Mau,Pardha,Salahabad,1967,Pardaha
Mau,Pardha,Reni,1967,Pardaha
Mau,Pardha,Badhua Godam,1967,Pardaha
Mau,Pardha,Sarayan Raghunathpur,1967,Pardaha
Baliya,Sier,Ubahaw,1506,Siar
Baliya,Baasadeeh,Pura,1492,Bansdih
Baliya,Gadwar,JigneeJiganhara,1497,Garwar
Baliya,Gadwar,Ratsadkhurd,1497,Garwar
Baliya,Nagra,Chachyaan,1501,Nagra
Baliya,Chilakhar,J 0 N 0 Margupur,1495,Chilkahar
Baliya,Belhari,Dhudhela,1493,Belhari
Baliya,Maniyar,Chakkidiyar Sultanpur,1499,Maniar
Baliya,Maniyar,Dear Manier Tukra No.,1499,Maniar
Baliya,Revti,NavkaaGaanv,1505,Reoti
Baliya,Revti,Haderhan,1505,Reoti
Ghazipur,Kasimabad,Nuanv,1725,Kasimabad
Ghazipur,Kasimabad,Vadaagaon,1725,Kasimabad
Ghazipur,Revatipur,Aasaanv,1729,Revatipur
Ghazipur,Manihari,Jagmaljyo,1726,Manihari
Ghazipur,Saidpur,Vishunpur Mathura,1731,Saidpur
Ghazipur,Saidpur,AmaDDhee,1731,Saidpur
Ghazipur,Saidpur,Rajhati,1731,Saidpur
Ghazipur,Sadaat,Vijrahi,1730,Sadat
Ghazipur,Sadaat,Semarol,1730,Sadat
Ghazipur,Jakhniya,Deva,1723,Jakhania
Ghazipur,Sadar,Vavedi,1722,Ghazipur
Ghazipur,Sadar,Pahadpur urf Langgarpur,1722,Ghazipur
Ghazipur,Sadar,Cantonment Lane,1722,Ghazipur
Chandauli,Sakaldeeha,Revsawo Dhus,1623,Sakaldiha
Chandauli,Barhani,Adsod,1615,Berahani
Chandauli,Chakia,Kodochak,1617,Chakiya
Chandauli,Chahniya,Sevdi,1616,Chahniya
Varanasi,Chiraigaon,Kotwan,2200,Chiraigaon
Varanasi,Araji Lines,Sihori D 0,2198,Arajiline
Varanasi,Kashividyapeeth,Maudoli,2203,Kashi Vidyapeeth
Varanasi,Kashividyapeeth,Jalalipatti,2203,Kashi Vidyapeeth
Varanasi,Kashividyapeeth,Nuanv,2203,Kashi Vidyapeeth
Varanasi,Kashividyapeeth,Sujabd,2203,Kashi Vidyapeeth
Varanasi,Kashividyapeeth,Domri,2203,Kashi Vidyapeeth
Varanasi,Harhua,Aidhe,2202,Harahua
Varanasi,Harhua,Kanudih,2202,Harahua
Jaunpur,Rampur,May,1820,Ram Pur
Jaunpur,Muftiganj,Dhoorhupur,1817,Mufti Ganj
Jaunpur,Dobhi,Aмилия,1809,Dobhi
Jaunpur,Srikoni,Dalpatpatti,1823,Sirkoni
Jaunpur,Srikoni,Madhopatti,1823,Sirkoni
Jaunpur,Srikoni,Saadatmasauda,1823,Sirkoni
Jaunpur,Karanja Kala,DARAUSUF,1811,Karanja Kala
Jaunpur,Karanja Kala,Dewaishi,1811,Karanja Kala
Jaunpur,Karanja Kala,Dugora,1811,Karanja Kala
Jaunpur,Karanja Kala,Muradganj,1811,Karanja Kala
Jaunpur,Karanja Kala,Kalichabah,1811,Karanja Kala
Jaunpur,Karanja Kala,Bhaкура,1811,Karanja Kala
Jaunpur,Mugrabadshahapur,Kudiria,1818,Mungra Badshah Pur
Sant Ravidas Nagar,Aurain,Itwan,2093,Aurai
Sant Ravidas Nagar,Bhadohi,Kukrothi,2094,Bhadohi
Sant Ravidas Nagar,Abholi,Neebee,2092,Abhauli
Mirzapur,Seeti,Bedodi,1993,Shikhar
Mirzapur,Seeti,Arjunpur,1993,Shikhar
Mirzapur,Seeti,Kirtar Tara,1993,Shikhar
Mirzapur,Seeti,Kurkuthey Pandey,1993,Shikhar
Mirzapur,Seeti,Raipur Pakhta,1993,Shikhar
Mirzapur,Seeti,Bhenwar Karmanpur,1993,Shikhar
Mirzapur,Seeti,Arjunpur Pathak,1993,Shikhar
Mirzapur,Seeti,Devari,1993,Shikhar
Mirzapur,Seeti,Amoi,1993,Shikhar
Mirzapur,Seeti,Todd,1993,Shikhar
Mirzapur,Seeti,Barkhachalalan,1993,Shikhar
Mirzapur,Seeti,Barkachha Khurd,1993,Shikhar
Mirzapur,Seeti,Bhiskhuri,1993,Shikhar
Mirzapur,Seeti,Jasowar,1993,Shikhar
Mirzapur,Seeti,Shahpur Chausa,1993,Shikhar
Mirzapur,Seeti,Nuanv,1993,Shikhar
Mirzapur,Seeti,Ledu,1993,Shikhar
Mirzapur,Seeti,Parwa Rajdhar,1993,Shikhar
Mirzapur,Seeti,Gursandi,1993,Shikhar
Mirzapur,Seeti,Nevadiya Ghat,1993,Shikhar
Mirzapur,Seeti,Pipra Dad,1993,Shikhar
Mirzapur,Seeti,Gangaut,1993,Shikhar
Mirzapur,Seeti,Jignaudi,1993,Shikhar
Mirzapur,Seeti,Semara Belauhaan,1993,Shikhar
Mirzapur,Seeti,Sandwan,1993,Shikhar
Mirzapur,Seeti,Pathara Dasaudhi,1993,Shikhar
Mirzapur,Seeti,Jiuti,1993,Shikhar
Mirzapur,Seeti,Dilman Deoria,1993,Shikhar
Mirzapur,Seeti,Lohdi Kalan,1993,Shikhar
Mirzapur,Seeti,Sirsi Baghel,1993,Shikhar
Mirzapur,Seeti,Kantit,1993,Shikhar
Mirzapur,Seeti,Padra Hanuman,1993,Shikhar
Mirzapur,Seeti,Duhauwa,1993,Shikhar
Mirzapur,Seeti,Doobarapahaadi,1993,Shikhar
Mirzapur,Seeti,Aragaja Pandaypur,1993,Shikhar
Mirzapur,Seeti,Mishra Lauli,1993,Shikhar
Mirzapur,Seeti,Cheruiram,1993,Shikhar
Mirzapur,Seeti,Dewapur Pachwal,1993,Shikhar
Mirzapur,Lalganj,Sonvarsha,1986,Lalganj
Mirzapur,Majhwan,Kewdabir,1987,Majhawa
Mirzapur,Halia,Lion,1983,Hallia
Mirzapur,Pahadi,Bhojpur Pahadi,1990,Pahari
Mirzapur,Pahadi,Dubipur Basari,1990,Pahari
Mirzapur,Pahadi,Sagar Semar,1990,Pahari
Mirzapur,Narayanpur,Neebee,1989,Narainpur
Mirzapur,Chhaanbe,Piyari Bheet,1982,Chhanvey
Sonbhadra,Nagwan,Suar Sot,2157,Nagwa
Sonbhadra,Nagwan,Devarimyadevra,2157,Nagwa
Sonbhadra,Duddhi,Baheradol,2154,Dudhi
Sonbhadra,Chopan,Mitihinian,2153,Chopan
Sonbhadra,Chopan,Mishri,2153,Chopan
Sonbhadra,Chopan,Devatan,2153,Chopan
Sonbhadra,Chopan,Khetkatwa,2153,Chopan
Sonbhadra,Chopan,Piparkhad,2153,Chopan
Sonbhadra,Chopan,Kishunpurwa,2153,Chopan
Sonbhadra,Chopan,Bagasoti,2153,Chopan
Sonbhadra,Chopan,Chanchikala,2153,Chopan
Sonbhadra,Chopan,Kheampur,2153,Chopan
Sonbhadra,Robertsganj,Aamdih,2158,Robertsganj
Sonbhadra,Ghorawal,Sirsiya Thakurain,2155,Ghorawal
Sonbhadra,Ghorawal,Jadera,2155,Ghorawal
Sonbhadra,Ghorawal,Sahdeiya Baidar,2155,Ghorawal
Sonbhadra,Ghorawal,Jogni,2155,Ghorawal
Sonbhadra,Ghorawal,Mizhoon,2155,Ghorawal
Sonbhadra,Chatra,Khadooi,2152,Chatra
Sonbhadra,Myorpur,Rehta,2156,Myorpur
